﻿"Woche","Name des Zustellenden","Zustellende-ID","Zugestellte Pakete","Pakete, die geliefert aber nicht empfangen wurden (DNR)","DNR DPMO","Versendete Pakete","Pakete, die an das Verteilzentrum zurückgeliefert wurden (RTS)","Pakete, die an das Verteilzentrum zurückgeliefert wurden (RTS) %","Zum Verteilzentrum zurück DPMO"
"2025-43","Blerim Kasaj","A2JSX4I6FU4DF1","857","6","7.001","869","12","1.38%","13.808"
"2025-43","Amir Azizi","A1P7WR7XVP66BE","737","4","5.427","741","4","0.54%","5.398"
"2025-43","Vilson Djulijaj","A2NK719SQMNRD8","841","3","3.567","844","3","0.36%","3.554"
"2025-43","Sandor Szavuj","A3RYNUCQ8MTSUV","590","2","3.389","591","1","0.17%","1.692"
"2025-43","Elbasan Gashi","A1LRY443WQUWE6","483","2","4.140","488","6","1.23%","12.295"
"2025-43","Zlatan Jurkic","A2BYO2TS9D8A3E","676","2","2.958","676","0","0%","0"
"2025-43","Fatos Qerimi","A20YHLI0TJ9VIM","748","2","2.673","749","1","0.13%","1.335"
"2025-43","Jurgin Hajdinaj","A3ALROM073LW44","794","2","2.518","802","8","1%","9.975"
"2025-43","Denise Muller","ASSFMKI5PF5AX","123","1","8.130","125","2","1.6%","16.000"
"2025-43","Armend Kryeziu","A16P1XWR59PZR1","648","1","1.543","672","24","3.57%","35.714"
"2025-43","Mihaela Pascu","AUYK1E4LDUB8H","294","1","3.401","367","72","19.62%","196.185"
"2025-43","Anes Atallahu","AHJEP0M7CT722","826","1","1.210","840","14","1.67%","16.666"
"2025-43","Marius Nicolae Surugiu","A1L82HU8EHBZEI","608","1","1.644","618","10","1.62%","16.181"
"2025-43","Vloran Kryeziu","A37PILXMJVB7ZU","721","1","1.386","732","11","1.5%","15.027"
"2025-43","Dario Mladenov","A1HYJ4G71Y5GGQ","918","1","1.089","926","8","0.86%","8.639"
"2025-43","Richard Csaba Eles","A2VOW7YHZQNQ7W","680","1","1.470","680","0","0%","0"
"2025-43","Sebastian Andrei Pascu","ADZUQ5MI8UTC2","827","1","1.209","895","69","7.71%","77.094"
"2025-43","Krenar Rafuna","A3GW9MBTRHK3OS","747","1","1.338","822","75","9.12%","91.240"
"2025-43","Fatlum Bahtijari","A3DGK1S1D9RS6X","844","1","1.184","862","18","2.09%","20.881"
"2025-43","Frigyes Kemecsei","A1EEVXIKF56DMI","1.100","1","909","1.128","28","2.48%","24.822"
"2025-43","Lindrit Lala","A3L3USE4T0W2YK","869","1","1.150","879","10","1.14%","11.376"
"2025-43","Elvir Memedi","A5A6I65TGFZ5R","817","1","1.223","823","6","0.73%","7.290"
"2025-43","Daniel Koltai","A1W7DK4GM3NK3Y","515","1","1.941","520","7","1.35%","13.461"
"2025-43","Rebecca Flammini","A5356M7MIE8HY","282","1","3.546","285","3","1.05%","10.526"
"2025-43","Arsion Gegolli","A2IEHJ434ZM6TX","495","0","0","498","2","0.4%","4.016"
"2025-43","Drinush Spaho","A3V1P68C6YO919","757","0","0","759","2","0.26%","2.635"
"2025-43","Attila Balint Borsos","A2SH6OO3XP1MEU","1.039","0","0","1.049","10","0.95%","9.532"
"2025-43","Gabor Zoltan Keresztes","A1ETDP5W8LQU7Y","159","0","0","175","16","9.14%","91.428"
"2025-43","Daniel Mark Halasz","A30WYRYGBS1LIQ","168","0","0","168","0","0%","0"
"2025-43","Davor Cvetkovikj","AJ2HME0DRDXI1","161","0","0","164","3","1.83%","18.292"
"2025-43","Erodit Bucolli","A3OMDYPW7OVBJO","875","0","0","888","13","1.46%","14.639"
"2025-43","Admir Dika","A33UCX3JZMWN76","860","0","0","872","12","1.38%","13.761"
"2025-43","Xhuljo Bufazi","A1VL6FXC4T3T16","577","0","0","589","12","2.04%","20.373"
"2025-43","Nuridin Islyam Nuridin","A2PAE95P0RGB3M","136","0","0","137","1","0.73%","7.299"
"2025-43","Arber Qose","A1FUK8W5UWQSF9","950","0","0","951","1","0.11%","1.051"
"2025-43","Cristina Daniela Ciochina","A7H5ML6G1ENPO","799","0","0","800","1","0.13%","1.250"
"2025-43","Stefan Andries","A85JEH6GCOZV3","871","0","0","872","1","0.11%","1.146"
"2025-43","Csilla Selindi","A2TKYUUUIQV1D9","614","0","0","615","1","0.16%","1.626"
"2025-43","Alexander Angelo Silveanu","A1FGTFHRU82ZNB","34","0","0","34","0","0%","0"
"2025-43","Adrian Daniel Candrea","A7XH5ILV93KZL","99","0","0","102","3","2.94%","29.411"
"2025-43","Mergim Rama","A1ISAABLH0O0ES","697","0","0","699","2","0.29%","2.861"
"2025-43","Csaba Varadi","A3FTNUP0KX138H","793","0","0","803","10","1.25%","12.453"
"2025-43","Leontrim Sahiti","A1RY5N03UD7YSZ","303","0","0","337","34","10.09%","100.890"
"2025-43","Emad Mriden","ABUP96Y6LNDMT","8","0","0","8","0","0%","0"
"2025-43","Valentin Chircu","A2S7DEUJ8EZ32F","421","0","0","428","8","1.87%","18.691"
"2025-43","Besnik Dobra","A1VMLYUEJWBKLG","934","0","0","937","2","0.21%","2.134"
"2025-43","Rounak Modak","A23ZKDV015WPP","73","0","0","73","0","0%","0"
"2025-43","Ardi Haziraj","A2I58T8EHFRIEO","641","0","0","646","5","0.77%","7.739"
"2025-43","Aron Kotroczo","A39BVX5ER28H7P","897","0","0","907","10","1.1%","11.025"
"2025-43","Edi Mustafa","A38R69COKUIRBE","667","0","0","695","28","4.03%","40.287"
"2025-43","Norbert Bartok","A1ZACGKQYC77GH","490","0","0","490","0","0%","0"
"2025-43","Cem Beskardesler","A2F2YOQXGRETDO","422","0","0","502","81","16.14%","161.354"
"2025-43","Votim Kalanderi","A1DR1I9N2666L2","852","0","0","864","13","1.5%","15.046"
"2025-43","Gaurav Bhalala","A215SIKLBSBDLZ","684","0","0","686","2","0.29%","2.915"
"2025-43","Petrit Sadiku","A31T2WS7D8WLZ0","613","0","0","617","3","0.49%","4.862"
"2025-43","Alexandra Sonia Marghitan","A2Y74VRYWO0OR5","657","0","0","661","4","0.61%","6.051"
"2025-43","Alban Sadiku","AB05ESQ500CMR","789","0","0","791","1","0.13%","1.264"
"2025-43","David Alexandru Ilie","A3S5YU2UZUOBN8","41","0","0","41","0","0%","0"
"2025-43","Filip Fritsch","A3S3RPKV8YUB98","661","0","0","665","4","0.6%","6.015"
"2025-43","Abdulnasser Al Ahmad","AM4HMCKF5WU1Q","643","0","0","672","29","4.32%","43.154"