{
  "indexes": [
    {
      "collectionGroup": "reports",
      "queryScope": "COLLECTION",
      "fields": [
        {"fieldPath": "year", "order": "DESCENDING"},
        {"fieldPath": "weekNumber", "order": "DESCENDING"}
      ]
    },
    {
      "collectionGroup": "scores",
      "queryScope": "COLLECTION",
      "fields": [
        {"fieldPath": "reportRef", "order": "ASCENDING"},
        {"fieldPath": "rank", "order": "ASCENDING"}
      ]
    },
    {
      "collectionGroup": "scores",
      "queryScope": "COLLECTION",
      "fields": [
        {"fieldPath": "reportRef", "order": "ASCENDING"},
        {"fieldPath": "comp.FinalScore", "order": "DESCENDING"}
      ]
    }
  ],
  "fieldOverrides": []
}
